avg,evals,gen,max,min,std
0.07,300,0,1.4,0.0,0.17597348285087347
0.11933333333333332,300,1,1.2,0.0,0.24445767640954857
0.29600000000000004,300,2,1.8,0.0,0.3799789467852134
0.5333333333333333,300,3,2.4,0.0,0.46341725858620714
0.6099999999999999,300,4,2.0,0.0,0.4345495752308744
0.7146666666666668,300,5,2.2,0.0,0.47963689970180107
0.732,300,6,3.0,0.0,0.542502841774431
0.8460000000000001,300,7,3.0,0.0,0.5441972681543584
1.0853333333333335,300,8,7.4,0.0,1.0085888932342828
1.5413333333333334,300,9,9.0,0.0,1.479197379962826
1.9606666666666668,300,10,9.8,0.0,1.8417888647242449
2.5319999999999996,300,11,12.0,0.0,2.2370611673949967
2.8813333333333335,300,12,8.6,0.0,1.9852921419501182
3.296,300,13,9.4,0.0,2.16107627506913
3.566666666666667,300,14,9.2,0.0,2.014933139227095
3.7226666666666666,300,15,10.2,0.0,2.1579974255982997
3.628,300,16,10.0,0.0,2.009050190181088
3.6613333333333338,300,17,9.2,0.0,1.9910394828386055
3.464666666666667,300,18,9.2,0.0,2.125955053355759
3.576,300,19,11.0,0.0,2.0216719153545495
3.65,300,20,9.4,0.0,1.951828202822506
3.779333333333333,300,21,9.2,0.0,2.0399279943719146
3.5033333333333334,300,22,11.6,0.0,1.9920146139579955
3.4873333333333325,300,23,9.2,0.0,1.933556194051664
3.6273333333333326,300,24,9.0,0.0,2.0593654901989162
3.701333333333334,300,25,9.6,0.0,2.060129014298754
3.8866666666666667,300,26,9.2,0.0,1.9394730097517614
3.65,300,27,9.6,0.0,2.1395404490996035
3.5186666666666664,300,28,8.0,0.0,2.044256561415149
3.7473333333333336,300,29,10.2,0.0,2.0419009661478578
3.862666666666666,300,30,13.0,0.0,2.047324975560928
3.9266666666666667,300,31,9.0,0.0,2.0547073324982863
3.6613333333333338,300,32,10.2,0.0,2.0997074928559827
3.7873333333333337,300,33,9.6,0.0,2.0902885499907
3.741333333333334,300,34,12.0,0.0,2.113139423280495
3.5779999999999994,300,35,10.4,0.0,1.9989787392566234
3.780666666666667,300,36,9.6,0.0,2.0703686198892752
3.480666666666667,300,37,8.6,0.0,2.1492385214820207
3.3906666666666663,300,38,8.2,0.0,2.071757600578686
3.3386666666666662,300,39,9.6,0.0,2.126210609407157
3.756666666666667,300,40,8.6,0.0,2.1385639002740966
3.5693333333333332,300,41,9.6,0.0,2.1613251079423987
3.5186666666666664,300,42,9.4,0.0,2.233155813840335
3.230666666666667,300,43,9.6,0.0,2.152609166156788
3.2193333333333336,300,44,9.4,0.0,2.2400058531669558
3.505333333333333,300,45,9.0,0.0,2.1472086272388364
3.6493333333333338,300,46,9.6,0.0,2.1922209945370215
3.0820000000000003,300,47,8.8,0.0,2.16377971768539
3.1566666666666667,300,48,8.4,0.0,2.199967171472237
3.1786666666666665,300,49,8.6,0.0,2.0730842294084972
3.8233333333333333,300,50,9.2,0.0,2.0140478864438376
3.4819999999999998,300,51,10.0,0.0,2.1267994733871833
3.388666666666667,300,52,9.6,0.0,2.081987405234613
3.474666666666667,300,53,9.2,0.0,2.1514704015832726
3.302666666666667,300,54,7.8,0.0,2.0892405850505162
3.5120000000000005,300,55,9.4,0.0,2.158886132553853
3.39,300,56,12.4,0.0,2.3716731084475646
3.635333333333333,300,57,13.0,0.0,2.324468015601754
3.585333333333333,300,58,10.2,0.0,2.3559396332579396
3.5473333333333334,300,59,12.4,0.0,2.5536430621543196
3.9793333333333325,300,60,10.4,0.0,2.5993793276259023
4.718666666666667,300,61,10.0,0.0,2.709991061895879
4.466,300,62,13.2,0.0,2.815346751882143
4.342,300,63,10.8,0.0,2.7196021767898335
4.284666666666666,300,64,11.8,0.0,2.9356029855702372
4.944000000000001,300,65,12.0,0.0,2.6332357787837126
4.8180000000000005,300,66,13.0,0.0,2.8222111898297046
4.7219999999999995,300,67,12.8,0.0,2.9203052351880383
5.33,300,68,19.6,0.0,2.9751022391395785
5.267333333333333,300,69,14.2,0.0,3.3315261100916236
6.036,300,70,22.0,0.0,3.9008423022043157
7.592,300,71,22.2,0.0,5.285395223317426
9.822000000000001,300,72,26.0,0.0,5.753322170711458
9.654,300,73,22.6,0.0,5.930926065969799
9.627999999999998,300,74,22.6,0.0,6.013231189080737
9.768666666666666,300,75,25.4,0.0,6.753958213933187
10.744,300,76,26.2,0.0,7.689945643500999
11.972666666666667,300,77,27.0,0.0,7.795549128972391
12.820666666666666,300,78,27.0,0.0,7.5139496641616885
11.494,300,79,26.2,0.0,7.767082077588726
11.717333333333332,300,80,26.0,0.0,7.788972946130674
11.915333333333335,300,81,24.6,0.0,7.676832998632241
11.776666666666667,300,82,27.8,0.0,7.877249237872035
11.863999999999999,300,83,24.8,0.0,7.300002557077178
12.705333333333334,300,84,26.6,0.0,7.568643970722599
12.648666666666667,300,85,29.0,0.0,7.5108387162967505
11.729333333333335,300,86,25.8,0.0,7.7274449996245345
11.806,300,87,28.0,0.0,7.897702028649431
10.949333333333332,300,88,28.0,0.0,8.140915154671221
11.177333333333335,300,89,28.4,0.0,7.61425108303867
12.444666666666667,300,90,28.4,0.0,7.749219630962132
12.302000000000001,300,91,28.2,0.0,7.732399110237392
12.812666666666667,300,92,24.6,0.0,7.5124412070171225
12.792666666666667,300,93,26.4,0.0,7.468641970859823
12.646666666666667,300,94,26.0,0.0,7.685168978117673
12.752666666666668,300,95,25.0,0.0,7.675833910541722
12.168000000000001,300,96,26.6,0.0,7.404686083825566
12.945333333333334,300,97,29.2,0.0,7.2628881919584085
13.357333333333333,300,98,25.8,0.0,7.45564972949299
13.517999999999999,300,99,25.8,0.0,7.323101073543457
13.185333333333332,300,100,25.8,0.0,7.059710916335188
13.372666666666667,300,101,27.2,0.0,7.33440655783108
12.395999999999999,300,102,27.2,0.0,7.485896784398423
12.684666666666665,300,103,27.0,0.0,7.259634854606822
12.567333333333334,300,104,25.6,0.0,7.515681354489573
12.894,300,105,28.0,0.0,7.307354560076216
13.826666666666666,300,106,27.0,0.0,6.882815961185912
13.196666666666665,300,107,26.2,0.0,7.219315910958754
12.635333333333335,300,108,26.4,0.0,7.567101044800593
12.446,300,109,29.8,0.0,7.264848059893154
12.15,300,110,27.6,0.0,7.782101258657587
12.895333333333335,300,111,25.4,0.0,7.048582237269816
13.388,300,112,26.8,0.0,7.132320052642992
14.212666666666667,300,113,27.6,0.0,6.948973993011886
14.675333333333334,300,114,28.8,0.0,7.139042294936267
14.556000000000001,300,115,30.6,0.0,7.510823123999128
14.624666666666666,300,116,26.2,0.0,6.930497208393894
14.053333333333333,300,117,27.8,0.0,7.660084130666509
15.059333333333335,300,118,30.0,0.0,7.123113520239743
14.658,300,119,28.0,0.0,7.826789635604116
13.835333333333331,300,120,28.6,0.0,8.20565363365744
14.345333333333334,300,121,29.6,0.0,8.159146905297282
14.38,300,122,30.2,0.0,8.060479721042249
14.392000000000001,300,123,28.6,0.0,8.487540044088158
14.963999999999999,300,124,28.0,0.0,8.043616765278333
13.91,300,125,26.6,0.0,7.8367191264372025
12.786666666666667,300,126,27.0,0.0,8.662214240917594
14.796000000000001,300,127,27.2,0.0,7.883213219662822
14.664,300,128,30.0,0.0,8.250182058597252
13.605333333333332,300,129,31.8,0.0,8.619804999083344
15.135999999999997,300,130,27.4,0.0,7.984178354721292
14.062000000000001,300,131,27.4,0.0,8.355215297445463
14.173333333333334,300,132,28.0,0.0,8.541808291508824
14.05,300,133,29.2,0.0,8.882584083474809
14.633999999999999,300,134,32.2,0.0,9.541881924791706
13.553333333333333,300,135,35.6,0.0,10.552937453092806
14.318,300,136,31.4,0.0,9.981813930009583
14.305333333333335,300,137,29.4,0.0,10.146006023171001
12.919333333333332,300,138,34.0,0.0,10.399257644445374
13.905333333333335,300,139,29.0,0.0,10.221133574880799
13.980666666666666,300,140,32.0,0.0,10.083241520243158
14.550666666666666,300,141,34.0,0.0,10.368411943119458
14.207333333333336,300,142,29.8,0.0,10.2777987050838
15.959333333333333,300,143,30.8,0.0,9.920434107885042
15.278666666666668,300,144,33.4,0.0,9.583538571715334
15.25933333333333,300,145,31.8,0.0,9.940735027596746
14.794666666666666,300,146,31.8,0.0,10.240805871067417
14.662,300,147,32.2,0.0,10.259006904504288
14.875999999999998,300,148,30.8,0.0,10.075334105295632
15.445333333333334,300,149,32.4,0.0,9.731629439901395
16.11733333333333,300,150,31.4,0.0,9.790490261246143
15.677333333333335,300,151,31.4,0.0,9.710895232789932
17.537333333333333,300,152,33.0,0.0,8.966147791678555
15.698666666666664,300,153,30.0,0.0,9.713626076576942
16.23933333333333,300,154,31.6,0.0,9.702311729113267
16.648666666666667,300,155,33.0,0.0,9.73694843823715
15.863333333333333,300,156,32.6,0.0,9.970669764642471
15.047999999999998,300,157,32.2,0.0,10.22335052710216
16.886666666666667,300,158,32.2,0.0,9.265704986070347
14.830666666666666,300,159,31.8,0.0,9.81361602853686
16.101999999999997,300,160,32.0,0.0,9.852491867542952
15.037333333333333,300,161,31.4,0.0,10.073354599580464
14.586,300,162,30.4,0.0,9.806511646180137
15.479333333333335,300,163,31.6,0.0,10.109241954216394
14.58,300,164,32.4,0.0,10.18947823328882
15.684000000000003,300,165,35.2,0.0,9.89671379802407
15.18,300,166,32.0,0.0,10.000646645759131
15.389333333333331,300,167,30.8,0.0,9.547307799700512
15.451333333333332,300,168,31.0,0.0,9.764228842509217
15.634000000000002,300,169,31.6,0.0,9.721620783936528
15.951333333333336,300,170,30.2,0.0,9.903920009549529
14.725333333333335,300,171,33.2,0.0,9.93292294454267
16.40866666666667,300,172,31.8,0.0,9.24603292709305
15.492,300,173,31.4,0.0,9.803077884011735
15.187333333333335,300,174,30.6,0.0,9.965566026183472
16.792666666666666,300,175,31.6,0.0,9.287056201449891
14.526666666666667,300,176,31.8,0.0,9.97046081627569
16.250666666666667,300,177,32.6,0.0,9.840465752301677
14.711333333333332,300,178,32.8,0.0,10.164566143662448
15.536000000000001,300,179,31.8,0.0,9.714067325276266
15.662,300,180,32.2,0.0,10.591343446418874
14.623999999999999,300,181,30.8,0.0,10.210201956866475
15.15466666666667,300,182,30.8,0.0,10.328307939294262
14.995333333333335,300,183,29.8,0.0,9.785205408620143
16.05666666666667,300,184,31.8,0.0,9.759951616455666
15.324666666666666,300,185,31.0,0.0,9.62375142839608
15.443333333333333,300,186,30.8,0.0,9.74597979795886
14.972666666666667,300,187,31.4,0.0,9.87032857721678
16.488,300,188,33.4,0.0,9.733488035300262
16.662000000000003,300,189,32.2,0.0,9.627337257345182
16.376666666666665,300,190,31.2,0.0,9.640850008629368
16.608,300,191,32.6,0.0,9.805627771846124
16.44333333333333,300,192,32.0,0.0,9.82279604910039
16.743333333333332,300,193,29.8,0.0,9.400034869911682
17.548,300,194,31.6,0.0,9.222318725064031
16.792666666666666,300,195,33.2,0.0,9.314194162078053
15.873999999999999,300,196,31.8,0.0,9.789858221649586
17.05666666666667,300,197,36.2,0.0,9.398772378466361
16.828666666666667,300,198,31.4,0.0,9.564286602890057
15.243333333333334,300,199,31.4,0.0,9.857308061647572
16.57,300,200,32.6,0.0,9.829087784055378
16.803333333333335,300,201,32.4,0.0,10.029442767283845
15.779333333333334,300,202,29.8,0.0,9.94203062200519
16.682666666666663,300,203,31.8,0.0,9.889555073690401
15.874666666666668,300,204,32.2,0.0,10.295916256242354
16.714000000000002,300,205,31.8,0.0,9.876365930847236
16.282666666666668,300,206,31.6,0.0,10.093712542414158
15.32266666666667,300,207,34.2,0.0,10.140724146835975
16.246666666666666,300,208,31.6,0.0,10.00851415323751
16.162666666666667,300,209,31.6,0.0,10.083581021751263
16.374000000000002,300,210,36.4,0.0,10.107937013390352
16.22,300,211,31.2,0.0,10.20707597698773
16.062,300,212,36.2,0.0,10.506316639685544
17.34933333333333,300,213,33.0,0.0,9.828575662605216
16.997999999999998,300,214,38.8,0.0,9.986517377611342
16.382,300,215,32.6,0.0,10.396297866708771
17.303333333333335,300,216,39.4,0.0,10.489556181692764
16.40533333333333,300,217,36.0,0.0,10.74410093441461
17.274,300,218,36.2,0.0,10.192153387124169
16.84,300,219,37.0,0.0,10.696691077150914
16.320666666666668,300,220,37.8,0.0,11.177094414719576
17.415333333333333,300,221,38.0,0.0,10.498566484154978
16.403333333333332,300,222,35.4,0.0,10.423556121699649
16.505333333333336,300,223,40.2,0.0,10.631091425102547
17.2,300,224,37.6,0.0,10.450658671426728
16.875333333333334,300,225,38.0,0.0,11.165938901657826
16.432666666666663,300,226,37.2,0.0,11.06402576923166
16.566666666666666,300,227,36.8,0.0,10.820595588454866
18.478666666666665,300,228,36.8,0.0,10.912840062157157
18.13933333333333,300,229,39.0,0.0,11.368971789724677
18.375333333333334,300,230,41.8,0.0,11.10357562029257
18.33866666666667,300,231,37.4,0.0,11.153640880398154
16.648666666666667,300,232,37.6,0.0,11.611461215349065
17.528,300,233,37.0,0.0,11.644312603155242
16.770666666666667,300,234,39.8,0.0,11.81426000880104
18.525333333333336,300,235,36.4,0.0,11.195404930396915
18.13133333333333,300,236,41.4,0.0,11.668051174991572
17.812666666666665,300,237,40.4,0.0,11.516433456394195
19.345333333333333,300,238,42.6,0.0,10.968120997792749
17.988666666666667,300,239,39.8,0.0,11.514095921473336
16.850666666666665,300,240,35.6,0.0,11.626147236103435
16.11066666666667,300,241,33.8,0.0,11.918557780014977
16.8,300,242,36.6,0.0,11.632036221860155
18.189333333333334,300,243,38.6,0.0,11.733502726049975
17.641333333333332,300,244,39.2,0.0,11.59290119953682
18.030666666666665,300,245,38.0,0.0,11.325092768813075
16.862000000000002,300,246,36.2,0.0,11.186147206850682
17.674,300,247,38.2,0.0,11.505117296229535
17.684,300,248,37.0,0.0,11.473570092463229
17.73,300,249,37.2,0.0,11.217048037102572
16.99,300,250,36.0,0.0,11.407461008772577
17.711333333333332,300,251,37.0,0.0,10.935764180989924
17.531333333333336,300,252,36.2,0.0,11.53674498673213
18.797333333333334,300,253,36.2,0.0,11.103848862243918
17.826666666666668,300,254,36.2,0.0,11.54745955707238
18.27133333333333,300,255,36.6,0.0,10.909303898762541
18.594666666666665,300,256,40.0,0.0,11.093023553367026
18.856,300,257,37.4,0.0,11.295630305565068
18.466666666666665,300,258,36.4,0.0,11.153741773752678
18.816666666666666,300,259,35.2,0.0,10.698441734923621
18.315333333333335,300,260,40.2,0.0,11.581164228560482
16.503333333333334,300,261,38.8,0.0,11.935274981703978
18.076666666666668,300,262,37.6,0.0,11.41586566533125
18.924000000000003,300,263,37.8,0.0,10.938376966747246
18.917333333333332,300,264,40.0,0.0,11.132323786563562
18.97,300,265,40.8,0.0,11.397673739262176
18.336666666666666,300,266,37.2,0.0,11.456997376664136
16.54133333333333,300,267,36.4,0.0,11.74983793741665
17.29866666666667,300,268,36.8,0.0,11.349190788578522
17.236666666666668,300,269,36.0,0.0,11.166849252238618
16.046666666666667,300,270,38.2,0.0,11.800404889475425
17.691333333333333,300,271,38.8,0.0,11.545148687748556
15.792000000000002,300,272,35.4,0.0,11.842958639349092
17.035999999999998,300,273,37.2,0.0,11.207963121519152
16.322000000000003,300,274,37.2,0.0,11.572423370524717
16.412000000000003,300,275,40.0,0.0,11.872247302006473
16.34,300,276,37.8,0.0,11.486566066496984
15.161333333333332,300,277,36.6,0.0,11.636727986088797
16.18,300,278,37.2,0.0,11.90157972707825
17.070666666666668,300,279,41.4,0.0,11.47028942771522
16.174666666666667,300,280,37.6,0.0,12.12669334796405
16.645999999999997,300,281,39.8,0.0,11.775404479960198
16.956666666666667,300,282,38.2,0.0,11.480330521761509
16.78933333333333,300,283,37.4,0.0,11.548882466378393
14.994000000000002,300,284,36.0,0.0,11.93688250758966
15.608666666666668,300,285,36.6,0.0,12.010708758807237
15.258666666666668,300,286,37.2,0.0,12.059873889150841
17.416,300,287,39.2,0.0,11.74879329973934
18.125999999999998,300,288,36.6,0.0,12.064548230248823
18.099333333333334,300,289,37.4,0.0,12.85945046346158
16.63866666666667,300,290,43.6,0.0,12.891210373308198
18.130666666666666,300,291,38.8,0.0,12.794738224060007
19.182666666666663,300,292,38.0,0.0,12.425681720622906
19.55666666666667,300,293,37.8,0.0,12.644729688249129
18.833333333333332,300,294,39.2,0.0,12.99476646791144
19.73,300,295,40.4,0.0,13.011339925874916
18.024,300,296,37.8,0.0,12.767916457537881
18.2,300,297,39.0,0.0,12.541653266880992
19.391333333333332,300,298,40.0,0.0,12.844861160099093
17.93466666666667,300,299,39.8,0.0,13.21630299625765
17.628666666666668,300,300,41.0,0.0,13.688364093475727
20.668666666666667,300,301,39.4,0.0,12.725709602567902
19.212,300,302,38.0,0.0,12.774531537398936
20.87733333333333,300,303,44.8,0.0,12.935960970187805
19.9,300,304,44.0,0.0,13.500158023766486
19.687333333333335,300,305,43.6,0.0,13.838679111662195
22.288666666666664,300,306,44.0,0.0,14.228328722032755
24.056,300,307,47.2,0.0,14.151845486249016
25.06066666666667,300,308,48.4,0.0,14.999988429625168
25.05466666666667,300,309,46.0,0.0,14.927422580234301
25.929333333333332,300,310,48.4,0.0,14.127073519389011
24.492666666666665,300,311,48.6,0.0,15.773186516645545
24.45,300,312,47.2,0.0,15.117346548474261
23.637333333333334,300,313,47.6,0.0,15.138443542481138
22.632,300,314,46.4,0.0,16.262850590635498
20.445333333333334,300,315,45.2,0.0,16.407837910245483
20.728,300,316,44.6,0.0,15.976787829014109
20.358,300,317,45.0,0.0,16.218367242111643
20.935333333333336,300,318,45.8,0.0,16.298538325738157
22.174,300,319,45.2,0.0,15.857775926444836
21.192666666666664,300,320,48.0,0.0,16.0131554111681
22.87933333333334,300,321,47.0,0.0,15.477044492480541
22.12466666666667,300,322,44.2,0.0,15.558647913263187
20.968666666666667,300,323,45.6,0.0,15.902065428392907
23.227333333333334,300,324,47.4,0.0,15.928487673208515
20.929333333333332,300,325,46.4,0.0,16.075308381351682
24.40866666666667,300,326,47.8,0.0,15.30892740273538
22.960666666666665,300,327,46.2,0.0,15.801052271570047
22.626,300,328,45.6,0.0,15.46787608777193
22.274,300,329,45.8,0.0,15.47738104460829
22.528666666666666,300,330,50.4,0.0,15.773466482954497
22.461333333333332,300,331,47.2,0.0,15.758281575800778
23.21,300,332,45.0,0.0,15.085809004933521
21.416666666666668,300,333,44.6,0.0,15.862025581733109
23.522000000000002,300,334,47.6,0.0,15.002397008478345
21.472,300,335,46.6,0.0,15.755858677541719
23.09133333333333,300,336,44.4,0.0,15.306627918069422
22.523333333333333,300,337,46.4,0.0,15.043248393290002
21.204666666666665,300,338,48.0,0.0,16.081545683035433
22.122666666666667,300,339,46.2,0.0,15.653996919494892
20.627333333333336,300,340,48.4,0.0,16.203560911794117
22.466666666666665,300,341,45.6,0.0,15.562573337622828
22.212666666666667,300,342,44.2,0.0,15.208049608312335
20.325999999999997,300,343,46.2,0.0,16.222313562908756
21.195999999999998,300,344,46.0,0.0,15.636691380638467
20.593999999999998,300,345,44.0,0.0,15.896887452160772
21.502000000000002,300,346,47.6,0.0,15.791926080542973
21.040666666666667,300,347,46.2,0.0,15.878885757158432
23.469333333333335,300,348,47.2,0.0,15.808672500315206
23.374,300,349,46.0,0.0,15.494557883334393
23.545333333333335,300,350,46.4,0.0,14.963295477786822
22.93,300,351,46.8,0.0,16.198124377017646
23.391333333333332,300,352,46.0,0.0,15.237272007226958
23.974666666666664,300,353,46.4,0.0,15.006928118557628
22.826666666666668,300,354,45.8,0.0,15.407074853960943
23.694666666666667,300,355,46.6,0.0,15.770735711718997
23.151333333333334,300,356,48.6,0.0,16.092156419269052
21.63066666666667,300,357,46.8,0.0,15.580924006261275
23.956666666666667,300,358,48.6,0.0,15.612298215046867
23.601333333333336,300,359,45.4,0.0,15.592151815006876
22.41133333333333,300,360,47.0,0.0,15.488628244260008
21.476000000000003,300,361,47.6,0.0,15.951303729371674
22.84,300,362,45.0,0.0,15.696589863194278
23.665333333333333,300,363,46.0,0.0,15.54780150232037
22.71066666666667,300,364,45.6,0.0,15.82003011656074
22.576,300,365,46.8,0.0,15.726901284105525
22.622666666666667,300,366,47.8,0.0,16.157162072041682
21.124666666666666,300,367,46.8,0.0,16.27168680732135
22.095333333333336,300,368,46.6,0.0,15.914667602211768
22.39466666666667,300,369,45.4,0.0,15.641303384167047
24.006666666666668,300,370,45.6,0.0,15.384683581045431
23.037333333333336,300,371,47.4,0.0,14.814009345511055
22.152666666666665,300,372,46.4,0.0,15.690762448721932
22.281333333333333,300,373,46.6,0.0,15.730735887286253
20.964666666666666,300,374,45.6,0.0,15.968809751790799
19.773333333333333,300,375,48.4,0.0,16.296300875420233
21.195999999999998,300,376,47.0,0.0,15.978284764016443
19.866666666666667,300,377,45.2,0.0,16.193952231894745
20.605333333333334,300,378,46.6,0.0,15.794681749106424
20.843333333333334,300,379,43.4,0.0,15.714532198644102
21.37466666666667,300,380,45.0,0.0,15.831880017511782
21.114,300,381,44.2,0.0,16.145610466418834
21.112000000000002,300,382,47.2,0.0,16.02253379878892
22.202666666666666,300,383,44.6,0.0,15.787125331174838
20.449333333333335,300,384,44.6,0.0,15.881745272132058
21.553333333333335,300,385,45.6,0.0,15.411050869064345
20.785333333333334,300,386,44.6,0.0,16.048536326476075
23.052,300,387,45.8,0.0,15.594493558090733
21.792666666666666,300,388,46.2,0.0,15.784729315245022
23.266666666666666,300,389,46.2,0.0,15.50606189706321
23.234,300,390,47.4,0.0,15.235425078852685
23.507333333333328,300,391,43.6,0.0,14.775125929149377
22.12066666666666,300,392,46.4,0.0,15.866029945207536
22.940666666666665,300,393,46.8,0.0,15.529449857895447
23.785999999999998,300,394,46.6,0.0,15.29317725872118
23.707333333333334,300,395,48.0,0.0,15.29757539248913
23.149333333333335,300,396,43.6,0.0,15.305461973498947
22.745333333333335,300,397,45.6,0.0,15.496819401269267
22.741333333333333,300,398,46.0,0.0,15.59259733192503
22.576666666666668,300,399,43.8,0.0,15.508479042840477
24.475333333333335,300,400,45.2,0.0,15.30083412395837
21.533333333333335,300,401,46.2,0.0,16.11417871179154
23.284,300,402,48.4,0.0,15.489734579176409
24.311333333333334,300,403,47.4,0.0,15.616137109484606
21.742,300,404,46.4,0.0,15.657380666424809
23.34133333333333,300,405,45.6,0.0,15.73970006773389
22.732666666666663,300,406,43.4,0.0,15.435996875989433
23.752666666666663,300,407,47.2,0.0,15.924480929967196
21.70733333333333,300,408,48.0,0.0,16.39213061875186
23.38,300,409,45.8,0.0,15.288483683260853
23.11,300,410,47.8,0.0,15.67271195422158
23.59333333333333,300,411,49.0,0.0,15.801762208338944
23.474000000000004,300,412,45.0,0.0,15.382587255291831
22.81,300,413,45.2,0.0,15.556315973477354
22.339333333333332,300,414,44.8,0.0,15.618337071816862
25.481333333333332,300,415,45.8,0.0,14.100299697366562
22.76733333333333,300,416,47.2,0.0,15.575206779437064
23.170666666666666,300,417,45.6,0.0,15.144440329338316
24.508666666666667,300,418,46.0,0.0,14.891314858743073
25.016000000000002,300,419,46.6,0.0,14.532263324524962
23.16,300,420,46.6,0.0,15.289796161710813
23.121333333333336,300,421,46.0,0.0,14.8397285988959
23.538,300,422,44.6,0.0,14.884068305854194
23.648,300,423,44.8,0.0,15.266000218350145
25.264666666666667,300,424,48.2,0.0,14.681941909101203
25.30666666666667,300,425,46.8,0.0,14.489870791541088
23.676666666666666,300,426,46.8,0.0,14.8596496893059
23.404666666666664,300,427,44.6,0.0,15.370017725718109
22.86866666666667,300,428,50.2,0.0,15.456906273752052
23.362000000000002,300,429,44.4,0.0,15.230846638756931
23.82266666666667,300,430,50.2,0.0,15.648634218004101
22.904000000000003,300,431,48.0,0.0,15.482699506223067
22.95866666666667,300,432,46.4,0.0,15.338749130515463
21.649333333333335,300,433,45.6,0.0,15.650345029920443
21.273333333333333,300,434,47.8,0.0,16.08422691818154
20.031333333333333,300,435,46.4,0.0,16.387359505288078
21.508,300,436,45.6,0.0,15.701543533466172
21.480666666666664,300,437,44.0,0.0,15.522869995232483
21.617333333333335,300,438,47.2,0.0,16.19836924576737
21.88933333333333,300,439,46.6,0.0,15.870434342582506
21.974666666666664,300,440,46.4,0.0,15.87421887492071
21.794666666666668,300,441,45.0,0.0,15.698967213022504
22.27133333333333,300,442,45.8,0.0,16.166594515302915
21.516666666666666,300,443,46.2,0.0,15.650971925801358
22.14666666666667,300,444,48.6,0.0,15.503310040833934
21.244666666666664,300,445,45.6,0.0,16.027293540152755
23.484666666666666,300,446,45.8,0.0,15.657267691253017
22.710666666666665,300,447,46.6,0.0,15.336119225178477
24.04066666666667,300,448,45.6,0.0,15.175930928794964
23.684666666666665,300,449,48.0,0.0,15.479169816957956
23.958000000000002,300,450,46.0,0.0,15.03480304715252
25.448666666666668,300,451,45.6,0.0,14.637327791946483
24.601333333333333,300,452,47.6,0.0,15.377559349765344
25.011333333333337,300,453,46.8,0.0,14.764001429904503
23.726,300,454,48.8,0.0,15.90738164081904
24.165333333333333,300,455,46.4,0.0,14.829101958274105
23.446666666666665,300,456,46.8,0.0,15.566098490701586
21.18266666666667,300,457,45.8,0.0,16.01171965224917
22.272000000000002,300,458,49.0,0.0,15.570969226951377
22.359333333333336,300,459,46.2,0.0,15.450370423463065
21.91933333333333,300,460,47.8,0.0,15.192305932792282
23.173333333333332,300,461,46.6,0.0,15.034691734636782
21.716666666666665,300,462,46.2,0.0,16.0970014460941
22.477999999999998,300,463,48.8,0.0,15.659405565559206
23.368000000000002,300,464,45.0,0.0,15.064113293962356
22.497333333333334,300,465,45.2,0.0,15.160232833157792
22.953333333333333,300,466,46.4,0.0,15.559690085459785
22.194,300,467,47.4,0.0,15.7595377681792
22.784666666666666,300,468,44.6,0.0,15.114175406624812
25.626666666666665,300,469,47.0,0.0,14.707180408071276
24.14666666666667,300,470,50.8,0.0,15.510592796179292
22.258666666666667,300,471,73.2,0.0,16.402309539275933
23.172,300,472,50.8,0.0,16.531239598610465
22.77133333333333,300,473,55.6,0.0,17.920367692160287
23.924,300,474,57.4,0.0,18.34436763696149
22.11,300,475,57.0,0.0,18.251656545822538
22.856666666666666,300,476,56.6,0.0,18.146922297979042
23.38133333333333,300,477,55.0,0.0,17.737791620028563
24.72,300,478,57.0,0.0,18.057892088133283
23.148666666666667,300,479,56.0,0.0,18.32609518934377
22.89933333333333,300,480,56.6,0.0,18.30175582347831
24.242,300,481,71.4,0.0,18.529960496450066
23.401999999999997,300,482,82.0,0.0,19.58559664651552
26.046,300,483,101.6,0.0,22.691252734625884
29.015333333333334,300,484,113.6,0.0,25.170478042518162
31.34,300,485,106.2,0.0,27.63054589881761
32.134,300,486,114.0,0.0,25.86934435453155
32.028,300,487,106.0,0.0,26.265795552390948
30.798666666666662,300,488,132.6,0.0,28.381355350926345
30.844,300,489,86.0,0.0,25.85029588483144
29.202666666666666,300,490,97.2,0.0,26.568974253608076
32.534666666666666,300,491,106.8,0.0,26.023251107850115
31.653333333333332,300,492,103.6,0.0,26.552309796994226
30.56,300,493,101.6,0.0,26.612668662374567
31.856666666666666,300,494,110.8,0.0,27.39611387689056
30.02733333333333,300,495,93.0,0.0,25.32850672441802
30.874000000000002,300,496,102.8,0.0,27.36062847718719
31.158000000000005,300,497,106.2,0.0,26.8451007820794
32.216,300,498,122.6,0.0,27.692068852531285
32.403333333333336,300,499,105.4,0.0,27.155819306775154
31.16,300,500,101.6,0.0,26.52232770076312
32.308,300,501,110.6,0.0,27.697134677315148
31.988666666666667,300,502,101.8,0.0,27.489018502344212
28.91,300,503,102.0,0.0,26.566295062227503
28.337333333333337,300,504,117.2,0.0,27.680690132693986
30.532666666666664,300,505,114.4,0.0,27.571930162556427
27.46066666666667,300,506,94.4,0.0,25.585483896581323
33.0,300,507,103.4,0.0,27.87928741317946
31.641999999999996,300,508,113.2,0.0,25.45690677727101
30.375999999999998,300,509,112.2,0.0,26.8198972903825
31.977333333333334,300,510,100.8,0.0,27.855374458481478
29.38,300,511,96.4,0.0,26.997918438279648
34.57333333333333,300,512,112.2,0.0,28.338390136977708
34.12266666666667,300,513,110.0,0.0,27.929642906576674
36.31466666666667,300,514,109.4,0.0,28.184315701388876
36.24066666666666,300,515,121.0,0.0,28.54652949523326
36.05199999999999,300,516,111.2,0.0,29.404865175681387
33.652,300,517,109.6,0.0,30.345243932671448
36.05133333333333,300,518,115.6,0.0,29.22066217973546
36.608,300,519,103.0,0.0,28.56424226196102
38.083999999999996,300,520,104.4,0.0,28.917651080265838
35.14666666666667,300,521,126.2,0.0,29.875632582796005
40.59866666666666,300,522,111.6,0.0,29.777723187346314
38.184000000000005,300,523,115.2,0.0,30.890728015592856
38.602,300,524,106.2,0.0,29.51936984422262
35.59,300,525,118.6,0.0,29.289092964219062
34.102,300,526,103.0,0.0,28.83358451528356
37.88,300,527,113.8,0.0,28.793920654656716
35.86866666666666,300,528,109.4,0.0,29.25831992594395
38.28133333333333,300,529,103.8,0.0,28.90595875516942
35.077333333333335,300,530,117.8,0.0,28.64313564461048
39.63466666666667,300,531,118.4,0.0,30.259052610564147
37.904666666666664,300,532,107.4,0.0,29.442298000590167
37.92333333333333,300,533,104.2,0.0,29.45423776338852
36.88533333333333,300,534,102.8,0.0,28.73524522641528
35.466,300,535,107.2,0.0,31.287996271200665
38.044666666666664,300,536,115.6,0.0,31.005272748715214
37.282,300,537,103.6,0.0,30.455069791415678
34.948,300,538,115.6,0.0,29.11751756818107
35.37800000000001,300,539,101.2,0.0,28.485335104225122
37.038,300,540,118.0,0.0,29.654481774823402
34.98533333333333,300,541,113.8,0.0,30.037759318712318
37.337333333333326,300,542,105.4,0.0,30.089596312051484
36.33866666666666,300,543,98.0,0.0,29.129224241110318
39.022666666666666,300,544,119.0,0.0,30.766475579038225
35.596666666666664,300,545,105.8,0.0,29.298366090202972
32.653999999999996,300,546,120.2,0.0,29.931751546921983
32.32866666666667,300,547,110.8,0.0,29.969813338683903
32.18533333333333,300,548,103.2,0.0,29.92740636198793
34.352666666666664,300,549,106.2,0.0,30.600762946189576
35.57866666666666,300,550,108.6,0.0,29.550423768347027
31.81,300,551,132.6,0.0,29.504707533996445
37.272666666666666,300,552,108.0,0.0,30.215835575994838
34.849333333333334,300,553,112.2,0.0,30.350705091571687
41.32866666666667,300,554,111.6,0.0,29.792551276377043
37.336666666666666,300,555,112.8,0.0,30.864225065419816
39.46733333333333,300,556,124.2,0.0,31.17050955987441
39.054,300,557,133.0,0.0,34.41638588424608
50.36266666666666,300,558,133.0,0.0,41.765851356766994
58.634666666666675,300,559,132.8,0.0,47.84235917631525
62.01133333333334,300,560,133.0,0.0,47.85789804085517
55.762666666666675,300,561,133.0,0.0,48.96930133143507
55.84533333333333,300,562,132.6,0.0,47.084792430488875
61.58466666666666,300,563,132.8,0.0,48.073772803427396
63.166,300,564,133.0,0.0,45.9222042589421
55.81266666666665,300,565,132.8,0.0,47.812137645395254
61.89200000000001,300,566,133.0,0.0,48.72037290497683
61.00266666666666,300,567,132.8,0.0,48.75526357453339
57.326,300,568,132.8,0.0,48.36673227195183
63.575333333333326,300,569,133.0,0.0,47.716030062117376
61.306666666666665,300,570,132.8,0.0,47.38475798069342
61.44866666666666,300,571,133.0,0.0,47.23748686042568
60.80600000000001,300,572,133.0,0.0,47.86727585034825
65.38466666666667,300,573,132.8,0.0,46.45041117387684
64.59066666666666,300,574,132.8,0.0,48.771129911955995
61.91133333333334,300,575,133.0,0.0,47.5967926603837
62.634,300,576,132.8,0.0,48.146961593299594
61.98133333333334,300,577,132.8,0.0,47.41461010654369
63.95666666666666,300,578,133.0,0.0,48.5367309937078
56.87533333333333,300,579,133.0,0.0,48.72725512026668
65.42466666666667,300,580,133.0,0.0,47.300306463653655
59.377333333333326,300,581,132.8,0.0,49.2373599978264
61.376666666666665,300,582,132.8,0.0,48.39347189675713
62.97466666666667,300,583,133.0,0.0,49.38057808041088
62.047333333333334,300,584,132.8,0.0,49.254731341827004
57.19266666666667,300,585,133.0,0.0,49.227380723423515
58.86333333333334,300,586,133.0,0.0,48.844805819611516
59.748000000000005,300,587,132.8,0.0,48.8967670642276
61.85133333333333,300,588,132.8,0.0,47.84584306104578
61.05266666666667,300,589,133.0,0.0,48.04167939982485
65.20733333333335,300,590,133.0,0.0,46.5905578369218
63.57733333333332,300,591,132.8,0.0,48.02779215782832
66.77733333333333,300,592,132.8,0.0,47.413320416196214
64.44666666666667,300,593,132.8,0.0,49.24013764760976
58.814,300,594,132.8,0.0,49.27385991239845
62.54533333333333,300,595,132.8,0.0,48.81830474547659
66.25533333333334,300,596,133.0,0.0,51.44258163126039
68.52466666666668,300,597,132.8,0.0,50.77913014440305
65.27733333333332,300,598,132.6,0.0,49.772540149050954
60.69199999999999,300,599,132.8,0.0,51.63317347080912
65.28866666666666,300,600,132.4,0.0,53.43035596196438
68.04666666666665,300,601,132.6,0.0,52.775243775425196
71.13733333333333,300,602,132.6,0.0,54.41120049728324
68.95466666666667,300,603,132.6,0.0,53.726088742393635
69.94466666666666,300,604,132.8,0.0,53.043916442468266
66.80533333333332,300,605,132.8,0.0,53.87978691700833
76.18333333333334,300,606,132.4,0.0,52.733537610223806
74.21,300,607,132.8,0.0,52.080486748877455
72.30466666666666,300,608,132.6,0.0,51.054500078075606
72.88133333333334,300,609,132.4,0.0,51.23146739607949
75.15466666666667,300,610,132.4,0.0,51.01234698471429
72.556,300,611,132.8,0.0,52.39049465949588
75.33399999999999,300,612,132.4,0.0,52.474309053732824
73.55199999999999,300,613,132.6,0.0,51.93034144569692
76.17,300,614,132.4,0.0,51.34733521160892
72.93066666666667,300,615,132.4,0.0,52.613668625388804
67.12133333333333,300,616,132.6,0.0,53.470350147431134
69.84133333333332,300,617,132.4,0.0,51.84460523097418
78.736,300,618,132.8,0.0,50.43846320682923
71.14800000000001,300,619,132.4,0.0,53.313257538189625
70.63333333333334,300,620,132.4,0.0,51.38785286643355
75.54266666666666,300,621,132.6,0.0,53.12595768130261
71.45066666666666,300,622,132.6,0.0,52.399288476933435
76.44066666666666,300,623,132.6,0.0,52.127273215552805
70.01,300,624,132.6,0.0,54.67527198530124
68.89800000000001,300,625,132.4,0.0,52.769889103540855
77.55733333333332,300,626,132.6,0.0,52.78850423677068
72.81466666666667,300,627,132.4,0.0,54.211637602599275
74.02866666666667,300,628,132.4,0.0,53.59266969361472
72.20866666666666,300,629,132.6,0.0,55.07618291865268
71.23333333333333,300,630,132.4,0.0,54.83761442254354
72.42,300,631,132.4,0.0,55.00555971899568
72.40533333333333,300,632,132.6,0.0,54.917596192436854
79.61666666666666,300,633,132.4,0.0,51.97274531478548
77.82799999999999,300,634,132.4,0.0,54.86700784017052
76.39600000000002,300,635,132.6,0.0,53.25070500941748
75.13133333333334,300,636,132.4,0.0,53.75972425111159
79.14066666666668,300,637,132.4,0.0,54.28045516471733
76.814,300,638,132.2,0.0,57.254130016969086
86.018,300,639,132.4,0.0,55.31911130884154
86.884,300,640,132.2,0.0,54.48586737861479
82.15466666666667,300,641,132.4,0.0,55.447070961613676
80.63866666666667,300,642,132.6,0.0,56.09784878426464
82.056,300,643,132.6,0.0,56.93129716889765
86.55666666666666,300,644,132.6,0.0,56.520402117780044
80.50399999999999,300,645,132.6,0.0,57.81108415059059
81.24533333333333,300,646,132.8,0.0,55.696018513195554
85.14933333333333,300,647,132.8,0.0,55.363061989822135
79.92,300,648,132.8,0.0,55.78862488596279
78.56066666666666,300,649,132.8,0.0,55.948813984053515
78.41,300,650,133.0,0.0,56.251177469157625
81.63199999999999,300,651,132.8,0.0,56.283542082329305
87.43066666666665,300,652,132.6,0.0,55.23174563801349
91.42733333333332,300,653,132.8,0.0,52.17679611559998
82.20066666666666,300,654,132.8,0.0,56.96290605492509
82.54866666666666,300,655,132.8,0.0,54.69892044841673
89.842,300,656,132.8,0.0,52.11511331658025
82.63266666666667,300,657,132.8,0.0,56.931154911485464
84.20066666666666,300,658,133.0,0.0,54.72548826846794
88.27266666666668,300,659,132.8,0.0,55.297620680178355
86.19133333333333,300,660,132.8,0.0,56.052778030075274
87.15,300,661,132.8,0.0,55.65226829758753
86.69533333333332,300,662,132.6,0.0,54.64775791273498
91.78333333333333,300,663,133.0,0.0,51.949712757199684
89.42599999999999,300,664,132.8,0.0,54.005073749293835
89.386,300,665,132.8,0.0,52.94863363676158
89.04599999999999,300,666,132.8,0.0,54.11473382853632
87.44733333333333,300,667,132.8,0.0,54.77821245308718
88.138,300,668,132.8,0.0,54.600398252515824
81.70933333333333,300,669,133.0,0.0,55.38141486896926
86.34,300,670,132.8,0.0,54.984323826584124
91.55933333333333,300,671,132.8,0.0,50.82772812375369
83.26266666666666,300,672,132.8,0.0,53.936953994661415
82.80933333333333,300,673,132.8,0.0,55.745535362833216
81.62466666666667,300,674,133.0,0.0,56.79494629708605
84.13933333333334,300,675,132.8,0.0,53.65806978348074
86.96866666666666,300,676,132.8,0.0,54.69741692458815
80.42800000000001,300,677,132.8,0.0,57.3419429039512
81.316,300,678,133.0,0.0,57.19759328270144
90.31333333333333,300,679,133.0,0.0,53.521016017594015
88.69,300,680,132.8,0.0,55.13705620240046
87.42466666666665,300,681,132.8,0.0,55.717906680787
84.40466666666667,300,682,132.8,0.0,56.02783931423933
84.81,300,683,133.0,0.0,55.585029459378724
81.87466666666667,300,684,133.0,0.0,54.94388675326451
83.938,300,685,133.0,0.0,54.756790957834625
84.08,300,686,133.0,0.0,53.78683110204579
85.818,300,687,133.0,0.0,54.488213490013905
75.914,300,688,132.8,0.0,56.37025164629537
89.04333333333334,300,689,133.0,0.0,53.381061456496184
86.19266666666668,300,690,133.0,0.0,54.64767710423645
84.898,300,691,133.0,0.0,56.04180221941475
85.74733333333333,300,692,132.8,0.0,54.21775379174447
79.35866666666666,300,693,133.0,0.0,56.85241617459093
81.99333333333334,300,694,133.0,0.0,56.639281618168695
80.526,300,695,132.8,0.0,56.075686864570216
86.99733333333333,300,696,133.0,0.0,55.04540906883657
89.99866666666667,300,697,133.0,0.0,52.081582140159895
79.00600000000001,300,698,133.0,0.0,56.11154454002016
85.01333333333334,300,699,133.0,0.0,53.61763723087975
85.65133333333334,300,700,133.0,0.0,53.969417558053706
85.15666666666667,300,701,133.0,0.0,53.68791411688689
87.54733333333333,300,702,133.0,0.0,53.01632226232052
80.69399999999999,300,703,132.8,0.0,54.78668053459709
77.978,300,704,133.0,0.0,57.57252744148028
89.19133333333333,300,705,133.0,0.0,53.23530712683913
86.59599999999999,300,706,133.0,0.0,55.35348213075669
88.96866666666666,300,707,133.0,0.0,54.89246898760845
85.68666666666667,300,708,132.8,0.0,55.958970286769535
87.66533333333332,300,709,133.0,0.0,55.5401308204757
90.85399999999998,300,710,133.0,0.0,54.9138878973252
92.604,300,711,133.0,0.0,51.85160605677192
87.58933333333334,300,712,133.0,0.0,54.237058851756416
87.82133333333334,300,713,133.0,0.0,54.92046684271923
81.44533333333332,300,714,133.0,0.0,57.04635610526661
88.37666666666667,300,715,133.0,0.0,55.52985133141353
90.25266666666667,300,716,133.0,0.0,54.96943416926254
78.41933333333331,300,717,133.0,0.0,58.76830687444456
85.62333333333333,300,718,133.0,0.0,55.410681180516896
89.85199999999999,300,719,132.8,0.0,55.15965883384946
92.57466666666667,300,720,133.0,0.0,54.08548195423816
91.71533333333333,300,721,133.0,0.0,55.3826726653342
92.78066666666666,300,722,133.0,0.0,55.2168141018255
84.86466666666666,300,723,132.8,0.0,55.71230101951353
86.00666666666666,300,724,132.8,0.0,57.467493033501604
90.79066666666667,300,725,132.8,0.0,54.05650789888506
92.4,300,726,133.0,0.0,55.651309658144314
92.14733333333332,300,727,133.0,0.0,55.16904953161892
90.17,300,728,133.0,0.0,55.554091658490826
89.35266666666666,300,729,133.0,0.0,54.850201089472364
93.20666666666666,300,730,132.8,0.0,55.26270794024564
88.71866666666666,300,731,133.0,0.0,56.908312675351354
97.09133333333334,300,732,133.0,0.0,51.20205000670275
98.73,300,733,132.8,0.0,50.0968452100529
92.52333333333333,300,734,133.0,0.0,55.00508451245414
91.506,300,735,133.0,0.0,54.5761128822247
86.328,300,736,133.0,0.0,56.782031336212924
84.48733333333334,300,737,133.0,0.0,56.16310745992921
91.49,300,738,133.0,0.0,53.903340960154466
94.05266666666667,300,739,133.0,0.0,53.973356632900106
90.82666666666667,300,740,133.0,0.0,53.961574806111386
97.52333333333333,300,741,133.0,0.0,51.26000769497493
89.64600000000002,300,742,133.0,0.0,54.85320425766697
93.36866666666666,300,743,133.0,0.0,52.7074639074539
95.07600000000001,300,744,133.0,0.0,53.87398714283793
91.48133333333334,300,745,133.0,0.0,54.81007497004745
85.75266666666667,300,746,133.0,0.0,57.20088134130647
92.87133333333333,300,747,133.0,0.0,55.106699939501205
80.03933333333333,300,748,133.0,0.0,59.42759785000755
92.96733333333333,300,749,133.0,0.0,54.12527074194538
87.23,300,750,133.0,0.0,56.45731160207093
89.07533333333333,300,751,133.0,0.0,54.67228479667636
85.23066666666666,300,752,133.0,0.0,57.00209697507238
88.51133333333334,300,753,133.0,0.0,53.078909856510386
88.90133333333334,300,754,133.0,0.0,53.95517767760776
94.69066666666666,300,755,133.0,0.0,52.675725398158704
95.32066666666665,300,756,133.0,0.0,52.37066073883565
87.74666666666667,300,757,133.0,0.0,57.205324538503895
88.42400000000002,300,758,133.0,0.0,55.261491933051055
91.24600000000001,300,759,133.0,0.0,54.90202076426696
91.90133333333334,300,760,133.0,0.0,54.2492457541014
91.20733333333334,300,761,133.0,0.0,54.286028401012686
92.78600000000002,300,762,133.0,0.0,53.807971565558944
85.64066666666668,300,763,133.0,0.0,55.560531070976
94.78400000000002,300,764,133.0,0.0,53.09278429315984
92.40466666666667,300,765,133.0,0.0,53.14767958141624
88.14533333333333,300,766,133.0,0.0,56.51036670283506
94.45333333333333,300,767,133.0,0.0,53.725781106983966
90.12933333333334,300,768,133.0,0.0,55.223896453940625
88.59333333333333,300,769,133.0,0.0,54.97078213823129
87.60866666666668,300,770,133.0,0.0,55.942144443066255
85.12133333333334,300,771,133.0,0.0,57.46968312268846
91.64733333333334,300,772,133.0,0.0,54.05587257232608
88.17200000000001,300,773,133.0,0.0,55.303907179631835
85.68133333333334,300,774,133.0,0.0,57.92210445839213
87.73933333333335,300,775,133.0,0.0,56.43061745384523
86.48866666666666,300,776,133.0,0.0,57.60847858509101
92.16933333333333,300,777,133.0,0.0,54.32434315806824
93.238,300,778,133.0,0.0,55.0760300796393
89.21733333333333,300,779,133.0,0.0,56.55539319601231
90.93666666666667,300,780,133.0,0.0,55.00932153331429
93.22600000000001,300,781,133.0,0.0,54.06150809340536
96.02866666666668,300,782,133.0,0.0,53.581079790869794
89.84133333333332,300,783,133.0,0.0,56.05575936710002
92.11666666666666,300,784,133.0,0.0,55.03490155245932
90.78266666666667,300,785,133.0,0.0,55.40524854399827
93.50866666666667,300,786,133.0,0.0,54.46245243182581
87.278,300,787,133.0,0.0,56.87298288877301
84.16333333333333,300,788,133.0,0.0,57.66603496763835
92.28333333333333,300,789,133.0,0.0,55.07041906101275
89.26533333333333,300,790,133.0,0.0,55.63171036578169
91.61333333333333,300,791,133.0,0.0,55.595868751393944
94.84066666666666,300,792,133.0,0.0,54.07956680875155
91.69866666666667,300,793,133.0,0.0,55.45845169934776
88.25933333333333,300,794,133.0,0.0,55.90074847044139
89.69866666666667,300,795,133.0,0.0,56.558956834636035
89.04133333333334,300,796,133.0,0.0,57.695357625683855
89.19133333333333,300,797,133.0,0.0,56.63471778178313
92.26133333333334,300,798,133.0,0.0,55.32773359617118
90.494,300,799,133.0,0.0,55.37332297535821
91.85400000000001,300,800,133.0,0.0,55.965748013107685
88.72733333333333,300,801,133.0,0.0,57.021770575417555
84.61933333333334,300,802,133.0,0.0,57.69086605540103
86.32733333333334,300,803,133.0,0.0,56.92285937613777
91.95933333333335,300,804,133.0,0.0,55.17717957835669
86.922,300,805,133.0,0.0,56.31804846287438
87.08266666666668,300,806,133.0,0.0,54.97557851345349
81.34066666666666,300,807,133.0,0.0,57.02054436390059
85.64266666666667,300,808,133.0,0.0,56.32195586881628
91.154,300,809,133.0,0.0,54.88874703130566
87.52133333333335,300,810,133.0,0.0,56.216941203005895
91.152,300,811,133.0,0.0,55.07547877836984
91.59466666666667,300,812,133.0,0.0,55.53367961476671
90.584,300,813,133.0,0.0,55.19047028850784
92.45,300,814,133.0,0.0,55.244081734305865
96.62333333333335,300,815,133.0,0.0,52.31507738904935
92.67866666666666,300,816,133.0,0.0,54.96745168632878
93.20933333333335,300,817,133.0,0.0,53.990341539534235
92.97933333333333,300,818,133.0,0.0,53.919549697262454
85.504,300,819,133.0,0.0,57.204010209075385
91.88866666666667,300,820,133.0,0.0,55.03982320304292
92.51133333333333,300,821,133.0,0.0,55.77496694953948
90.96,300,822,133.0,0.0,57.58195550691205
94.74000000000001,300,823,133.0,0.0,53.6756791604292
91.708,300,824,133.0,0.0,53.89427986963614
91.91733333333333,300,825,133.0,0.0,55.558402600826774
90.60733333333333,300,826,133.0,0.0,55.488195257089494
90.97933333333334,300,827,133.0,0.0,54.46671129741134
93.10266666666668,300,828,133.0,0.0,54.352051107162055
97.50133333333333,300,829,133.0,0.0,52.19852742069348
90.94,300,830,133.0,0.0,56.25697823381558
91.63533333333334,300,831,133.0,0.0,56.50093761660558
93.37733333333334,300,832,133.0,0.0,54.30965309735973
99.26666666666667,300,833,133.0,0.0,49.55627732409106
94.63600000000001,300,834,133.0,0.0,54.80919908190595
88.28133333333334,300,835,133.0,0.0,55.5125431912064
91.21866666666666,300,836,133.0,0.0,55.91434328407058
91.93866666666668,300,837,133.0,0.0,55.02716878859832
90.34533333333333,300,838,133.0,0.0,55.75955474076967
88.95200000000001,300,839,133.0,0.0,57.055770050013344
90.99666666666668,300,840,133.0,0.0,55.03972736931833
94.01133333333334,300,841,133.0,0.0,53.592049207155924
92.11000000000001,300,842,133.0,0.0,54.546592010867194
88.51599999999999,300,843,133.0,0.0,56.07515799353578
90.78800000000001,300,844,133.0,0.0,55.300675004921956
94.71533333333333,300,845,133.0,0.0,53.563093309562404
88.59866666666666,300,846,133.0,0.0,55.742869184218435
85.04666666666667,300,847,133.0,0.0,57.0624472739199
89.97933333333334,300,848,133.0,0.0,56.362729761982095
86.72399999999999,300,849,133.0,0.0,57.19622211300323
93.90666666666667,300,850,133.0,0.0,55.82693575287431
92.58133333333333,300,851,133.0,0.0,54.69039085210084
91.622,300,852,133.0,0.0,56.25084695066081
91.592,300,853,133.0,0.0,54.9688075427025
92.00466666666667,300,854,133.0,0.0,55.17802078928006
85.61133333333333,300,855,133.0,0.0,57.38957633190505
93.55266666666667,300,856,133.0,0.0,54.917526281587826
89.84133333333332,300,857,133.0,0.0,55.57289409615287
89.23933333333333,300,858,133.0,0.0,55.01084910774924
90.014,300,859,133.0,0.0,56.160149014522155
93.40533333333335,300,860,133.0,0.0,52.714675738566605
94.34733333333334,300,861,133.0,0.0,53.29858559307388
92.09933333333335,300,862,133.0,0.0,55.49639867795227
94.42333333333333,300,863,133.0,0.0,55.048404053967715
92.76733333333334,300,864,133.0,0.0,52.97279678812093
88.94266666666667,300,865,133.0,0.0,55.84476978991756
92.95533333333334,300,866,133.0,0.0,53.697791433995576
92.27066666666667,300,867,133.0,0.0,53.33878457141253
91.06066666666666,300,868,133.0,0.0,54.68480275989746
93.88666666666667,300,869,133.0,0.0,53.408762909803066
89.11466666666666,300,870,133.0,0.0,56.58262794258401
91.24,300,871,133.0,0.0,54.41224862105958
91.49933333333334,300,872,133.0,0.0,53.728764483178736
98.52733333333332,300,873,133.0,0.0,51.20231166222435
91.024,300,874,133.0,0.0,55.6954165439132
92.56933333333335,300,875,133.0,0.0,53.343406898655765
94.14466666666667,300,876,133.0,0.0,53.54192878690702
92.13600000000001,300,877,133.0,0.0,54.382587017046795
91.26733333333333,300,878,133.0,0.0,56.233981418909174
90.61,300,879,133.0,0.0,54.98734187671438
91.62200000000001,300,880,133.0,0.0,54.01118324939753
95.37066666666666,300,881,133.0,0.0,52.72895415445125
93.29666666666667,300,882,133.0,0.0,54.639112873065166
88.31533333333333,300,883,133.0,0.0,56.93860932228285
89.214,300,884,133.0,0.0,55.8890156530482
90.44866666666667,300,885,133.0,0.0,53.685773704233995
94.22133333333333,300,886,133.0,0.0,53.25921840291021
91.06866666666666,300,887,133.0,0.0,55.329813104891485
92.174,300,888,133.0,0.0,53.8731670129017
84.92466666666667,300,889,133.0,0.0,57.91273255127542
92.82133333333333,300,890,133.0,0.0,54.593245719797814
96.922,300,891,133.0,0.0,52.401233280652214
98.38600000000001,300,892,133.0,0.0,52.90753132273955
88.89,300,893,133.0,0.0,55.78103889315795
91.83866666666667,300,894,133.0,0.0,56.16813424788907
97.42866666666667,300,895,133.0,0.0,52.83466139655756
90.18066666666667,300,896,133.0,0.0,56.16393409376598
84.96066666666665,300,897,133.0,0.0,57.46801475216936
85.26933333333334,300,898,133.0,0.0,57.226175766766815
90.43399999999998,300,899,133.0,0.0,55.85061543080792
92.11666666666666,300,900,133.0,0.0,54.80643626031121
93.21133333333334,300,901,133.0,0.0,54.22467339587108
97.546,300,902,133.0,0.0,52.28273281559282
95.96466666666667,300,903,133.0,0.0,53.18045209368653
86.828,300,904,133.0,0.0,56.85771494998136
92.87866666666666,300,905,133.0,0.0,53.5105342733767
87.59533333333333,300,906,133.0,0.0,56.38046332630558
91.39600000000002,300,907,133.0,0.0,55.79053190879853
93.56933333333335,300,908,133.0,0.0,53.6312781209705
93.218,300,909,133.0,0.0,55.39153072447087
94.95066666666668,300,910,133.0,0.0,53.30669969983969
89.08533333333334,300,911,133.0,0.0,56.33918161358832
93.18533333333333,300,912,133.0,0.0,54.58112052919235
93.79866666666666,300,913,133.0,0.0,54.570565920548134
92.182,300,914,133.0,0.0,54.72987797050772
97.08000000000001,300,915,133.0,0.0,53.383932663926764
98.66666666666667,300,916,133.0,0.0,50.89631115207554
91.59133333333334,300,917,133.0,0.0,55.49082619276411
100.09,300,918,133.0,0.0,50.73260128687798
92.348,300,919,133.0,0.0,55.44214007413495
92.386,300,920,133.0,0.0,55.39166667769921
90.81466666666667,300,921,133.0,0.0,55.31445668378405
88.03333333333333,300,922,133.0,0.0,57.43291003906693
86.26066666666665,300,923,133.0,0.0,57.55440949995829
87.91600000000001,300,924,133.0,0.0,56.88289383168429
86.39600000000002,300,925,133.0,0.0,57.090587525440654
90.25066666666666,300,926,133.0,0.0,55.31946341830233
92.04066666666667,300,927,133.0,0.0,55.2194055221733
90.41133333333333,300,928,133.0,0.0,54.450408062954146
95.52133333333335,300,929,133.0,0.0,52.72136516526188
91.4,300,930,133.0,0.0,54.6113272743546
97.424,300,931,133.0,0.0,51.93173940215495
90.24600000000001,300,932,133.0,0.0,56.275338743242294
87.35333333333334,300,933,133.0,0.0,56.29727958692932
91.552,300,934,133.0,0.0,55.52531281016494
88.63733333333333,300,935,133.0,0.0,55.49830213218739
93.716,300,936,133.0,0.0,54.187849905060204
87.89600000000002,300,937,133.0,0.0,56.61509914030591
92.87733333333334,300,938,133.0,0.0,54.934214167695366
87.84400000000001,300,939,133.0,0.0,55.34882531725493
94.322,300,940,133.0,0.0,54.009274968903874
94.22200000000001,300,941,133.0,0.0,53.57301978919364
93.42066666666666,300,942,133.0,0.0,53.49856047492203
88.638,300,943,133.0,0.0,56.0832930202926
93.77266666666667,300,944,133.0,0.0,53.67067156485208
85.53333333333333,300,945,133.0,0.0,57.336395267074664
96.42733333333334,300,946,133.0,0.0,50.94892527053169
87.28,300,947,133.0,0.0,54.77442955735216
86.59066666666666,300,948,133.0,0.0,56.496661077349415
88.706,300,949,133.0,0.0,56.55914041072407
87.89533333333333,300,950,133.0,0.0,54.68369023961552
85.35133333333334,300,951,133.0,0.0,56.129214302555695
80.71066666666667,300,952,133.0,0.0,58.662481077961765
86.51333333333334,300,953,133.0,0.0,55.39330846069968
87.85066666666668,300,954,133.0,0.0,56.8760743449202
90.32133333333334,300,955,133.0,0.0,54.74201991970052
85.17533333333333,300,956,133.0,0.0,56.54124917458247
93.92,300,957,133.0,0.0,53.104965241805154
94.04533333333333,300,958,133.0,0.0,53.769652638722604
88.83866666666667,300,959,133.0,0.0,56.15861915048205
84.66733333333332,300,960,133.0,0.0,56.84012549442711
85.68733333333334,300,961,133.0,0.0,57.65016541944081
89.70866666666667,300,962,133.0,0.0,57.20707233278844
94.062,300,963,133.0,0.0,53.33889158953343
90.442,300,964,133.0,0.0,55.57001082118544
90.23866666666667,300,965,133.0,0.0,54.93076707597989
93.61533333333333,300,966,133.0,0.0,53.84255471485563
87.92533333333333,300,967,133.0,0.0,58.09097713835505
92.05333333333333,300,968,133.0,0.0,54.51705625051873
83.35333333333334,300,969,133.0,0.0,57.02464925119858
91.38133333333334,300,970,133.0,0.0,55.626050715669386
90.73200000000001,300,971,133.0,0.0,55.487364711857296
89.48533333333333,300,972,133.0,0.0,55.599301418473075
82.95866666666669,300,973,133.0,0.0,58.93664076691926
88.096,300,974,133.0,0.0,55.85742431106779
93.09400000000001,300,975,133.0,0.0,54.612199772578286
94.28800000000001,300,976,133.0,0.0,53.905670598432096
94.07066666666668,300,977,133.0,0.0,54.21658116193688
92.626,300,978,133.0,0.0,55.85742317722865
90.31400000000001,300,979,133.0,0.0,55.08826073372318
91.25666666666666,300,980,133.0,0.0,55.48499486848274
90.92133333333334,300,981,133.0,0.0,54.82223586181878
90.64266666666667,300,982,133.0,0.0,55.205360061823306
93.714,300,983,133.0,0.0,53.59658388367677
93.378,300,984,133.0,0.0,52.257022966615054
89.70266666666666,300,985,133.0,0.0,55.62583685862373
92.65066666666667,300,986,133.0,0.0,54.78983938245809
90.83200000000001,300,987,133.0,0.0,56.236866105192355
87.96466666666667,300,988,133.0,0.0,57.05139628635063
91.40866666666666,300,989,133.0,0.0,53.82565241798953
86.74199999999999,300,990,133.0,0.0,56.92669411327753
84.54333333333335,300,991,133.0,0.0,56.939021085914554
85.91133333333333,300,992,133.0,0.0,57.821308686523366
89.11600000000001,300,993,133.0,0.0,55.35263568551486
85.59066666666666,300,994,133.0,0.0,57.07141181206421
85.40466666666667,300,995,133.0,0.0,56.969702868181514
90.87933333333334,300,996,133.0,0.0,55.78389229477946
88.01733333333334,300,997,133.0,0.0,55.6596559417641
89.03,300,998,133.0,0.0,54.95885764217933
88.69933333333333,300,999,133.0,0.0,55.39774603918667
